Name,Time
Elon,21:25:12
DEEPIKA,23:35:43
DEEPIKA,23:35:43
DEEPIKA,23:35:44
DEEPIKA,23:35:44
DEEPIKA,23:35:45
DEEPIKA,23:35:46
DEEPIKA,23:35:46
DEEPIKA,23:35:47
DEEPIKA,23:35:48
DEEPIKA,23:35:48
DEEPIKA,23:35:50
DEEPIKA,23:35:50
DEEPIKA,23:35:54
DEEPIKA,23:35:55
DEEPIKA,23:35:55
DEEPIKA,23:35:56
DEEPIKA,23:35:57
DEEPIKA,23:35:57
DEEPIKA,23:35:58
DEEPIKA,23:35:59
DEEPIKA,23:36:00
DEEPIKA,23:36:00
DEEPIKA,23:36:01
DEEPIKA,23:36:01
DEEPIKA,23:36:02
DEEPIKA,23:36:03
DEEPIKA,23:36:03
DEEPIKA,23:36:04
DEEPIKA,23:36:04
DEEPIKA,23:36:05
DEEPIKA,23:36:06
DEEPIKA,23:36:06
DEEPIKA,23:36:07
DEEPIKA,23:36:08
DEEPIKA,23:36:08
DEEPIKA,23:36:09
DEEPIKA,23:36:09
SHAH RUKH,23:37:44
SHAH RUKH,23:38:03
ELON TEST,23:39:35
ELON MUSK,23:39:37
ELON TEST,23:39:38
ELON TEST,23:39:39
ELON MUSK,23:39:40
ELON TEST,23:39:42
ELON TEST,23:39:43
ELON TEST,23:39:44
ELON MUSK,23:41:37
ELON MUSK,23:41:38
ELON MUSK,23:41:40
ELON MUSK,23:41:41
ELON MUSK,23:41:43
ELON MUSK,23:41:44
ELON MUSK,23:41:45
ELON MUSK,23:41:47
ELON MUSK,23:41:48
ROBERT,10:07:53
ROBERT,10:07:53
ROBERT,10:07:54
ROBERT,10:07:54
ROBERT,10:07:55
ROBERT,10:07:55
ROBERT,10:07:56
ROBERT,10:07:56
ROBERT,10:07:57
ROBERT,10:07:57
ROBERT,10:07:57
ROBERT,10:07:58
ROBERT,10:07:58
ROBERT,10:07:59
ROBERT,10:08:08
ROBERT,10:08:09
ROBERT,10:08:09
ROBERT,10:08:10
ROBERT,10:08:11
ROBERT,10:08:12
ROBERT,10:08:12
ROBERT,10:08:13
ROBERT,10:08:13
ROBERT,10:08:13
ROBERT,10:08:14
ROBERT,10:08:14
ROBERT,10:08:15
ROBERT,10:08:15
AMITABH,10:21:49
AMITABH,10:21:50
AMITABH,10:21:51
AMITABH,10:21:51
AMITABH,10:21:52
AMITABH,10:21:52
AMITABH,10:21:53
AMITABH,10:21:53
AMITABH,10:21:53
AMITABH,10:21:54
AMITABH,10:21:54
AMITABH,10:21:55
AMITABH,10:21:55
AMITABH,10:21:56
AMITABH,10:21:56
SHAH RUKH,10:22:59
SHAH RUKH,10:23:00
SHAH RUKH,10:23:00
SHAH RUKH,10:23:01
SHAH RUKH,10:23:01
SHAH RUKH,10:23:02
SHAH RUKH,10:23:02
SHAH RUKH,10:23:03
SHAH RUKH,10:23:04
SHAH RUKH,10:23:04
SHAH RUKH,10:23:04
SHAH RUKH,10:23:05
SHAH RUKH,10:23:05
SHAH RUKH,10:23:06
SHAH RUKH,10:23:06
SHAH RUKH,10:23:07
SHAH RUKH,10:23:07
SHAH RUKH,10:23:08
SHAH RUKH,10:23:08
SHAH RUKH,10:23:09
SHAH RUKH,10:23:09
SHAH RUKH,10:23:10
JEFF BEZOS,10:24:01
JEFF BEZOS,10:24:01
JEFF BEZOS,10:24:02
JEFF BEZOS,10:24:02
JEFF BEZOS,10:24:03
JEFF BEZOS,10:24:03
JEFF BEZOS,10:24:03
JEFF BEZOS,10:24:04
JEFF BEZOS,10:24:04
JEFF BEZOS,10:24:05
JEFF BEZOS,10:24:05
JEFF BEZOS,10:24:06
JEFF BEZOS,10:24:14
JEFF BEZOS,10:24:15
JEFF BEZOS,10:24:15
JEFF BEZOS,10:24:16
JEFF BEZOS,10:24:16
JEFF BEZOS,10:24:17
JEFF BEZOS,10:24:18
JEFF BEZOS,10:24:18
JEFF BEZOS,10:24:19
JEFF BEZOS,10:24:19
JEFF BEZOS,10:24:20
JEFF BEZOS,10:24:21
JEFF BEZOS,10:24:21
JEFF BEZOS,10:24:22
JEFF BEZOS,10:24:22
JEFF BEZOS,10:24:23
JEFF BEZOS,10:24:23
JEFF BEZOS,10:24:24
JEFF BEZOS,10:25:37
JEFF BEZOS,10:25:38
JEFF BEZOS,10:25:39
JEFF BEZOS,10:25:39
JEFF BEZOS,10:25:40
JEFF BEZOS,10:25:40
JEFF BEZOS,10:25:41
JEFF BEZOS,10:25:41
JEFF BEZOS,10:25:42
JEFF BEZOS,10:25:42
JEFF BEZOS,10:25:43
JEFF BEZOS,10:25:43
JEFF BEZOS,10:25:43
JEFF BEZOS,10:25:44
JEFF BEZOS,10:25:44
JEFF BEZOS,10:25:45
JEFF BEZOS,10:25:45
JEFF BEZOS,10:25:46
JEFF BEZOS,10:25:46
JEFF BEZOS,10:25:46
JEFF BEZOS,10:25:47
JEFF BEZOS,10:25:47
JEFF BEZOS,10:25:48
JEFF BEZOS,10:25:48
JEFF BEZOS,10:25:49
JEFF BEZOS,10:25:49
JEFF BEZOS,10:25:50
JEFF BEZOS,10:25:50
JEFF BEZOS,10:25:50
JEFF BEZOS,10:25:51
JEFF BEZOS,10:26:16
JEFF BEZOS,10:26:18
JEFF BEZOS,10:26:18
JEFF BEZOS,10:26:19
JEFF BEZOS,10:26:19
JEFF BEZOS,10:26:20
JEFF BEZOS,10:26:20
JEFF BEZOS,10:26:21
JEFF BEZOS,10:26:21
JEFF BEZOS,10:26:22
JEFF BEZOS,10:26:22
JEFF BEZOS,10:26:22
JEFF BEZOS,10:26:23
JEFF BEZOS,10:26:23
JEFF BEZOS,10:26:24
JEFF BEZOS,10:26:24
JEFF BEZOS,10:26:25
JEFF BEZOS,10:26:25
JEFF BEZOS,10:26:26
JEFF BEZOS,10:26:26
JEFF BEZOS,10:26:27
JEFF BEZOS,10:26:27
JEFF BEZOS,10:26:28
JEFF BEZOS,10:26:28
JEFF BEZOS,10:26:29
JEFF BEZOS,10:26:29
JEFF BEZOS,10:26:30
JEFF BEZOS,10:26:30
JEFF BEZOS,10:26:30
JEFF BEZOS,10:26:33
JEFF BEZOS,10:26:34
JEFF BEZOS,10:26:34
JEFF BEZOS,10:26:35
JEFF BEZOS,10:26:35
JEFF BEZOS,10:26:36
JEFF BEZOS,10:26:36
JEFF BEZOS,10:26:37
JEFF BEZOS,10:26:38
JEFF BEZOS,10:26:38
JEFF BEZOS,10:26:39
JEFF BEZOS,10:26:39
JEFF BEZOS,10:26:39
JEFF BEZOS,10:26:40
JEFF BEZOS,10:26:40
JEFF BEZOS,10:26:41
SHAH RUKH,10:26:43
SHAH RUKH,10:26:43
SHAH RUKH,10:26:44
SHAH RUKH,10:26:44
SHAH RUKH,10:26:45
SHAH RUKH,10:26:45
SHAH RUKH,10:26:46
SHAH RUKH,10:26:46
SHAH RUKH,10:26:47
SHAH RUKH,10:26:47
SHAH RUKH,10:26:47
SHAH RUKH,10:26:48
SHAH RUKH,10:26:48
SHAH RUKH,10:26:49
SHAH RUKH,10:26:52
SHAH RUKH,10:26:53
SHAH RUKH,10:26:53
SHAH RUKH,10:26:56
SHAH RUKH,10:26:56
SHAH RUKH,10:26:57
SHAH RUKH,10:26:57
SHAH RUKH,10:26:58
SHAH RUKH,10:26:58
SHAH RUKH,10:26:59
SHAH RUKH,10:26:59
SHAH RUKH,10:26:59
SHAH RUKH,10:27:00
SHAH RUKH,10:27:00
SHAH RUKH,10:27:01
SHAH RUKH,10:27:01
SHAH RUKH,10:27:02
SHAH RUKH,10:27:02
SHAH RUKH,10:27:03
SHAH RUKH,10:27:03
SHAH RUKH,10:27:03
SHAH RUKH,10:27:04
SHAH RUKH,10:27:05
SHAH RUKH,10:27:05
SHAH RUKH,10:27:06
SHAH RUKH,10:27:06
SHAH RUKH,10:27:07
SHAH RUKH,10:27:07
SHAH RUKH,10:27:07
SHAH RUKH,10:27:08
SHAH RUKH,10:27:08
SHAH RUKH,10:27:10
SHAH RUKH,10:27:10
SHAH RUKH,10:27:11
SHAH RUKH,10:27:12
SHAH RUKH,10:27:12
SHAH RUKH,10:27:13
SHAH RUKH,10:27:13
SHAH RUKH,10:27:14
SHAH RUKH,10:27:14
SHAH RUKH,10:27:15
SHAH RUKH,10:27:15
SHAH RUKH,10:27:16
SHAH RUKH,10:27:16
SHAH RUKH,10:27:16
SHAH RUKH,10:27:17
SHAH RUKH,10:27:17
SHAH RUKH,10:27:18
SHAH RUKH,10:27:18
AMITABH,10:27:55
AMITABH,10:27:55
AMITABH,10:27:58
AMITABH,10:27:58
AMITABH,10:27:59
AMITABH,10:28:00
AMITABH,10:28:00
AMITABH,10:28:03
AMITABH,10:28:05
AMITABH,10:28:17
AMITABH,10:28:35
AMITABH,10:28:37
AMITABH,10:28:38
AMITABH,10:28:38
AMITABH,10:28:39
AMITABH,10:28:39
AMITABH,10:28:40
AMITABH,10:28:40
AMITABH,10:28:41
AMITABH,10:28:42
AMITABH,10:28:42
AMITABH,10:28:42
AMITABH,10:28:43
AMITABH,10:28:43
AMITABH,10:28:44
AMITABH,10:28:45
AMITABH,10:28:45
AMITABH,10:28:46
AMITABH,10:28:46
AMITABH,10:28:47
AMITABH,10:28:47
AMITABH,10:28:48
AMITABH,10:28:48
AMITABH,10:28:48
AMITABH,10:28:50
AMITABH,10:28:51
AMITABH,10:28:52
AMITABH,10:28:52
AMITABH,10:28:54
AMITABH,10:28:55
AMITABH,10:28:55
AMITABH,10:28:56
AMITABH,10:28:56
AMITABH,10:28:57
AMITABH,10:28:57
AMITABH,10:28:57
AMITABH,10:28:58
AMITABH,10:28:59
AMITABH,10:29:01
AMITABH,10:29:02
AMITABH,10:29:03
AMITABH,10:29:03
AMITABH,10:29:05
AMITABH,10:29:06
ELON MUSK,15:17:31
ELON MUSK,15:17:32
ELON MUSK,15:17:32
ELON MUSK,15:17:32
ELON MUSK,15:17:33
ELON MUSK,15:17:33
ELON MUSK,15:17:34
ELON MUSK,15:17:34
ELON MUSK,15:17:34
ELON MUSK,15:17:35
ELON MUSK,15:17:35
ELON MUSK,15:17:36
ELON MUSK,15:17:36
ELON MUSK,15:17:36
ELON MUSK,15:17:37
ELON MUSK,15:17:37
ELON MUSK,15:17:37
ELON MUSK,15:17:38
ELON MUSK,15:17:38
ELON MUSK,15:17:39
ELON MUSK,15:17:39
ELON MUSK,15:17:39
ELON MUSK,15:17:40
ELON MUSK,15:17:40
ELON MUSK,15:17:41
ELON MUSK,15:17:41
ELON MUSK,15:17:41
ELON MUSK,15:17:42
ELON MUSK,15:17:42